1777908923015,100,POST /api/demo/race-condition,200,,03_RaceCondition_Demo_50threads 3-1,true,100
1777908923025,103,POST /api/demo/race-condition,200,,03_RaceCondition_Demo_50threads 3-2,true,103
1777908923066,62,POST /api/demo/race-condition,200,,03_RaceCondition_Demo_50threads 3-3,true,62
1777908923106,30,POST /api/demo/race-condition,200,,03_RaceCondition_Demo_50threads 3-4,true,30
1777908923145,18,POST /api/demo/race-condition,200,,03_RaceCondition_Demo_50threads 3-5,true,17
1777908923186,24,POST /api/demo/race-condition,200,,03_RaceCondition_Demo_50threads 3-6,true,24
1777908923225,21,POST /api/demo/race-condition,200,,03_RaceCondition_Demo_50threads 3-7,true,21
1777908923267,22,POST /api/demo/race-condition,200,,03_RaceCondition_Demo_50threads 3-8,true,22
1777908923306,21,POST /api/demo/race-condition,200,,03_RaceCondition_Demo_50threads 3-9,true,21
1777908923346,20,POST /api/demo/race-condition,200,,03_RaceCondition_Demo_50threads 3-10,true,20
1777908923385,22,POST /api/demo/race-condition,200,,03_RaceCondition_Demo_50threads 3-11,true,22
1777908923426,21,POST /api/demo/race-condition,200,,03_RaceCondition_Demo_50threads 3-12,true,21
1777908923466,21,POST /api/demo/race-condition,200,,03_RaceCondition_Demo_50threads 3-13,true,21
1777908923506,24,POST /api/demo/race-condition,200,,03_RaceCondition_Demo_50threads 3-14,true,24
1777908923545,24,POST /api/demo/race-condition,200,,03_RaceCondition_Demo_50threads 3-15,true,24
1777908923586,84,POST /api/demo/race-condition,200,,03_RaceCondition_Demo_50threads 3-16,true,84
1777908923626,71,POST /api/demo/race-condition,200,,03_RaceCondition_Demo_50threads 3-17,true,70
1777908923666,43,POST /api/demo/race-condition,200,,03_RaceCondition_Demo_50threads 3-18,true,43
1777908923705,24,POST /api/demo/race-condition,200,,03_RaceCondition_Demo_50threads 3-19,true,24
1777908923745,21,POST /api/demo/race-condition,200,,03_RaceCondition_Demo_50threads 3-20,true,21
1777908923786,21,POST /api/demo/race-condition,200,,03_RaceCondition_Demo_50threads 3-21,true,21
1777908923826,21,POST /api/demo/race-condition,200,,03_RaceCondition_Demo_50threads 3-22,true,21
1777908923867,21,POST /api/demo/race-condition,200,,03_RaceCondition_Demo_50threads 3-23,true,21
1777908923905,26,POST /api/demo/race-condition,200,,03_RaceCondition_Demo_50threads 3-24,true,26
1777908923945,20,POST /api/demo/race-condition,200,,03_RaceCondition_Demo_50threads 3-25,true,20
1777908923985,21,POST /api/demo/race-condition,200,,03_RaceCondition_Demo_50threads 3-26,true,21
1777908924026,19,POST /api/demo/race-condition,200,,03_RaceCondition_Demo_50threads 3-27,true,19
1777908924064,20,POST /api/demo/race-condition,200,,03_RaceCondition_Demo_50threads 3-28,true,20
1777908924105,20,POST /api/demo/race-condition,200,,03_RaceCondition_Demo_50threads 3-29,true,20
1777908924145,21,POST /api/demo/race-condition,200,,03_RaceCondition_Demo_50threads 3-30,true,21
1777908924184,20,POST /api/demo/race-condition,200,,03_RaceCondition_Demo_50threads 3-31,true,20
1777908924224,20,POST /api/demo/race-condition,200,,03_RaceCondition_Demo_50threads 3-32,true,19
1777908924264,20,POST /api/demo/race-condition,200,,03_RaceCondition_Demo_50threads 3-33,true,20
1777908924304,21,POST /api/demo/race-condition,200,,03_RaceCondition_Demo_50threads 3-34,true,20
1777908924345,22,POST /api/demo/race-condition,200,,03_RaceCondition_Demo_50threads 3-35,true,22
1777908924385,21,POST /api/demo/race-condition,200,,03_RaceCondition_Demo_50threads 3-36,true,21
1777908924425,21,POST /api/demo/race-condition,200,,03_RaceCondition_Demo_50threads 3-37,true,21
1777908924466,19,POST /api/demo/race-condition,200,,03_RaceCondition_Demo_50threads 3-38,true,19
1777908924504,20,POST /api/demo/race-condition,200,,03_RaceCondition_Demo_50threads 3-39,true,19
1777908924544,23,POST /api/demo/race-condition,200,,03_RaceCondition_Demo_50threads 3-40,true,23
1777908924584,21,POST /api/demo/race-condition,200,,03_RaceCondition_Demo_50threads 3-41,true,21
1777908924625,19,POST /api/demo/race-condition,200,,03_RaceCondition_Demo_50threads 3-42,true,19
1777908924665,21,POST /api/demo/race-condition,200,,03_RaceCondition_Demo_50threads 3-43,true,21
1777908924705,20,POST /api/demo/race-condition,200,,03_RaceCondition_Demo_50threads 3-44,true,20
1777908924745,20,POST /api/demo/race-condition,200,,03_RaceCondition_Demo_50threads 3-45,true,20
1777908924785,21,POST /api/demo/race-condition,200,,03_RaceCondition_Demo_50threads 3-46,true,21
1777908924825,20,POST /api/demo/race-condition,200,,03_RaceCondition_Demo_50threads 3-47,true,20
1777908924864,20,POST /api/demo/race-condition,200,,03_RaceCondition_Demo_50threads 3-48,true,20
1777908924904,19,POST /api/demo/race-condition,200,,03_RaceCondition_Demo_50threads 3-49,true,19
1777908924944,19,POST /api/demo/race-condition,200,,03_RaceCondition_Demo_50threads 3-50,true,19
